{
  "predictor_name": "generic_svm",
  "model_type": "svm",
  "version": 3,
  "last_train": "2023-10-1",
  "model_data": {
    "svm_type": "c_svc",
    "kernel_type": "polynomial",
    "degree": 4,
    "gamma": 0.3,
    "coef0": 0.7,
    "nr_class": 2,
    "total_sv": 6,
    "rho": 0.07949817180633545,
    "paramC": 0.8,
    "label": [3, 1],
    "nr_sv": [3, 3],
    "support_vectors": [
      [0.007, 0.21751, 0.49433, 1.333, 1.4444],
      [1.0, 0.23078, 0.51545, 2.333, 2.4444],
      [0.5,  0.22071, 0.51669, 3.333, 3.4444],
      [-0.333, 0.21233, 0.46617, 4.333, 4.4444],
      [-1.0, 0.22696, 0.49682, 5.333, 5.4444],
      [-0.02, 0.22651, 0.48274, 6.333, 6.4444]
    ]
  }
}